id,surface,reading,category,source
1,キス,きす,general,starter
2,リス,りす,general,starter
3,椅子,いす,general,starter
4,茄子,なす,general,starter
5,バス,ばす,general,starter
6,ガス,がす,general,starter
7,地図,ちず,general,starter
8,傷,きず,general,starter
9,柿,かき,general,starter
10,鍵,かぎ,general,starter
11,寿司,すし,general,starter
12,星,ほし,general,starter
13,橋,はし,general,starter
14,箸,はし,general,starter
15,梨,なし,general,starter
16,波,なみ,general,starter
17,紙,かみ,general,starter
18,髪,かみ,general,starter
19,神,かみ,general,starter
20,森,もり,general,starter
21,鳥,とり,general,starter
22,栗,くり,general,starter
23,雲,くも,general,starter
24,熊,くま,general,starter
25,皿,さら,general,starter
26,空,そら,general,starter
27,花,はな,general,starter
28,鼻,はな,general,starter
29,豆,まめ,general,starter
30,雨,あめ,general,starter
31,飴,あめ,general,starter
32,猫,ねこ,general,starter
33,箱,はこ,general,starter
34,旗,はた,general,starter
35,肩,かた,general,starter
36,型,かた,general,starter
37,窓,まど,general,starter
38,松,まつ,general,starter
39,丸,まる,general,starter
40,春,はる,general,starter
